{"flutter":{"platforms":{"android":{"default":{"projectId":"iris-rec","appId":"1:295645835466:android:03cf9dde180ee887aa0433","fileOutput":"android/app/google-services.json"}},"dart":{"lib/firebase_options.dart":{"projectId":"iris-rec","configurations":{"android":"1:295645835466:android:03cf9dde180ee887aa0433","ios":"1:295645835466:ios:9f3fdae00ca028ffaa0433","macos":"1:295645835466:ios:9f3fdae00ca028ffaa0433","web":"1:295645835466:web:891f049538df90d8aa0433","windows":"1:295645835466:web:5a2b36c32b4ac37eaa0433"}}}}}}